file,num,CDPSA,GD,IGD,HV,GS,,,,,,,,,,,,,,,,,,,,,,,,,,,,,,,,,,,,,,,,,
DTLZ4,2,CD,NA,NA,NA,NA,,,,,,,,,,,,,,,,,,,,,,,,,,,,,,,,,,,,,,,,,
DTLZ4,2,CD,0.000211393,4.02E-05,0.42002729,0.001845183,,,,,,,,,,,,,,,,,,,,,,,,,,,,,,,,,,,,,,,,,
DTLZ4,2,CD,0.000201317,3.64E-05,0.421613921,0.000437209,,,,,,,,,,,,,,,,,,,,,,,,,,,,,,,,,,,,,,,,,
DTLZ4,2,CD,0.000185818,6.32E-05,0.421459025,0.00062748,,,,,,,,,,,,,,,,,,,,,,,,,,,,,,,,,,,,,,,,,
DTLZ4,2,CD,0.000184168,2.06E-05,0.421809729,0.00032671,,,,,,,,,,,,,,,,,,,,,,,,,,,,,,,,,,,,,,,,,
DTLZ4,2,CD,NA,NA,NA,NA,,,,,,,,,,,,,,,,,,,,,,,,,,,,,,,,,,,,,,,,,
DTLZ4,2,CD,0.000194911,1.96E-05,0.421167767,0.001163044,,,,,,,,,,,,,,,,,,,,,,,,,,,,,,,,,,,,,,,,,
DTLZ4,2,CD,0.00019753,2.56E-05,0.421778558,0.000345644,,,,,,,,,,,,,,,,,,,,,,,,,,,,,,,,,,,,,,,,,
DTLZ4,2,CD,0.000183248,3.80E-05,0.422206138,0.000115511,,,,,,,,,,,,,,,,,,,,,,,,,,,,,,,,,,,,,,,,,
DTLZ4,2,CD,0.000189209,2.77E-05,0.422240792,7.60E-05,,,,,,,,,,,,,,,,,,,,,,,,,,,,,,,,,,,,,,,,,
DTLZ4,2,CD,0.000188879,1.84E-05,0.421512349,0.000721173,,,,,,,,,,,,,,,,,,,,,,,,,,,,,,,,,,,,,,,,,
DTLZ4,2,CD,NA,NA,NA,NA,,,,,,,,,,,,,,,,,,,,,,,,,,,,,,,,,,,,,,,,,
DTLZ4,2,CD,0.00019024,1.97E-05,0.421805202,0.000430201,,,,,,,,,,,,,,,,,,,,,,,,,,,,,,,,,,,,,,,,,
DTLZ4,2,CD,NA,NA,NA,NA,,,,,,,,,,,,,,,,,,,,,,,,,,,,,,,,,,,,,,,,,
DTLZ4,2,CD,NA,NA,NA,NA,,,,,,,,,,,,,,,,,,,,,,,,,,,,,,,,,,,,,,,,,
DTLZ4,2,CD,7.79E-14,0.001057203,0.11,1,,,,,,,,,,,,,,,,,,,,,,,,,,,,,,,,,,,,,,,,,
DTLZ4,2,CD,0.000189048,3.48E-05,0.42232897,1.97E-05,,,,,,,,,,,,,,,,,,,,,,,,,,,,,,,,,,,,,,,,,
DTLZ4,2,CD,0.000196266,3.71E-05,0.421263398,0.000783297,,,,,,,,,,,,,,,,,,,,,,,,,,,,,,,,,,,,,,,,,
DTLZ4,2,CD,NA,NA,NA,NA,,,,,,,,,,,,,,,,,,,,,,,,,,,,,,,,,,,,,,,,,
DTLZ4,2,CD,NA,NA,NA,NA,,,,,,,,,,,,,,,,,,,,,,,,,,,,,,,,,,,,,,,,,
DTLZ4,2,PSA,0.000426744,5.37E-05,0.412490868,0.001648073,,,,,,,,,,,,,,,,,,,,,,,,,,,,,,,,,,,,,,,,,
DTLZ4,2,PSA,0.009657775,0.000166184,0.314905723,0.007970134,,,,,,,,,,,,,,,,,,,,,,,,,,,,,,,,,,,,,,,,,
DTLZ4,2,PSA,0.023392204,0.000414951,0.202804683,0.068665028,,,,,,,,,,,,,,,,,,,,,,,,,,,,,,,,,,,,,,,,,
DTLZ4,2,PSA,0.005756523,0.000174138,0.338033668,0.035379834,,,,,,,,,,,,,,,,,,,,,,,,,,,,,,,,,,,,,,,,,
DTLZ4,2,PSA,0.008778092,0.000166731,0.328950681,0.015600874,,,,,,,,,,,,,,,,,,,,,,,,,,,,,,,,,,,,,,,,,
DTLZ4,2,PSA,0.003500792,0.00010193,0.365513237,0.007373294,,,,,,,,,,,,,,,,,,,,,,,,,,,,,,,,,,,,,,,,,
DTLZ4,2,PSA,0.009074368,0.000182524,0.341028387,0.053656726,,,,,,,,,,,,,,,,,,,,,,,,,,,,,,,,,,,,,,,,,
DTLZ4,2,PSA,0.031846422,0.000321406,0.251269275,0.02367313,,,,,,,,,,,,,,,,,,,,,,,,,,,,,,,,,,,,,,,,,
DTLZ4,2,PSA,0.04557425,0.000372274,0.166781853,0.077817561,,,,,,,,,,,,,,,,,,,,,,,,,,,,,,,,,,,,,,,,,
DTLZ4,2,PSA,0.00079814,6.25E-05,0.407385224,0.007597873,,,,,,,,,,,,,,,,,,,,,,,,,,,,,,,,,,,,,,,,,
DTLZ4,2,PSA,0.000779829,6.33E-05,0.405165915,0.011624599,,,,,,,,,,,,,,,,,,,,,,,,,,,,,,,,,,,,,,,,,
DTLZ4,2,PSA,0.000207106,2.09E-05,0.419224047,0.000107771,,,,,,,,,,,,,,,,,,,,,,,,,,,,,,,,,,,,,,,,,
DTLZ4,2,PSA,0.010425716,0.000177953,0.319137865,0.040661377,,,,,,,,,,,,,,,,,,,,,,,,,,,,,,,,,,,,,,,,,
DTLZ4,2,PSA,0.021385356,0.000323926,0.23659367,0.078474665,,,,,,,,,,,,,,,,,,,,,,,,,,,,,,,,,,,,,,,,,
DTLZ4,2,PSA,0.002222394,0.000111015,0.385932243,0.015347586,,,,,,,,,,,,,,,,,,,,,,,,,,,,,,,,,,,,,,,,,
DTLZ4,2,PSA,0.003675698,0.000192662,0.344683365,0.023487609,,,,,,,,,,,,,,,,,,,,,,,,,,,,,,,,,,,,,,,,,
DTLZ4,2,PSA,0.002282756,0.0001087,0.380885094,0.023297547,,,,,,,,,,,,,,,,,,,,,,,,,,,,,,,,,,,,,,,,,
DTLZ4,2,PSA,0.000647636,8.41E-05,0.411079588,0.006635513,,,,,,,,,,,,,,,,,,,,,,,,,,,,,,,,,,,,,,,,,
DTLZ4,2,PSA,0.000390626,9.23E-05,0.41315937,0.000721075,,,,,,,,,,,,,,,,,,,,,,,,,,,,,,,,,,,,,,,,,
DTLZ4,2,PSA,0.000279797,3.99E-05,0.415442612,0.002564389,,,,,,,,,,,,,,,,,,,,,,,,,,,,,,,,,,,,,,,,,
DTLZ4,3,CD,0.005504708,6.10E-05,0.696900608,0.00380097,,,,,,,,,,,,,,,,,,,,,,,,,,,,,,,,,,,,,,,,,
DTLZ4,3,CD,0.002110381,9.34E-05,0.652782845,0.004270685,,,,,,,,,,,,,,,,,,,,,,,,,,,,,,,,,,,,,,,,,
DTLZ4,3,CD,0.005006703,0.000117695,0.674672363,0.004556002,,,,,,,,,,,,,,,,,,,,,,,,,,,,,,,,,,,,,,,,,
DTLZ4,3,CD,0.002463208,9.34E-05,0.65186573,0.007955873,,,,,,,,,,,,,,,,,,,,,,,,,,,,,,,,,,,,,,,,,
DTLZ4,3,CD,NA,NA,NA,NA,,,,,,,,,,,,,,,,,,,,,,,,,,,,,,,,,,,,,,,,,
DTLZ4,3,CD,0.000222088,0.001056932,0.463261561,0.551182819,,,,,,,,,,,,,,,,,,,,,,,,,,,,,,,,,,,,,,,,,
DTLZ4,3,CD,0.005176638,7.32E-05,0.677032347,0.00136541,,,,,,,,,,,,,,,,,,,,,,,,,,,,,,,,,,,,,,,,,
DTLZ4,3,CD,0.002306846,9.33E-05,0.653674253,0.00548481,,,,,,,,,,,,,,,,,,,,,,,,,,,,,,,,,,,,,,,,,
DTLZ4,3,CD,0.002160705,9.54E-05,0.651155282,0.006567811,,,,,,,,,,,,,,,,,,,,,,,,,,,,,,,,,,,,,,,,,
DTLZ4,3,CD,0.000241405,0.001057765,0.461428347,0.563260394,,,,,,,,,,,,,,,,,,,,,,,,,,,,,,,,,,,,,,,,,
DTLZ4,3,CD,0.002760678,7.38E-05,0.656931636,0.005917522,,,,,,,,,,,,,,,,,,,,,,,,,,,,,,,,,,,,,,,,,
DTLZ4,3,CD,0.002377549,6.71E-05,0.666183114,0.004504385,,,,,,,,,,,,,,,,,,,,,,,,,,,,,,,,,,,,,,,,,
DTLZ4,3,CD,0.002031643,7.14E-05,0.652870155,0.006325219,,,,,,,,,,,,,,,,,,,,,,,,,,,,,,,,,,,,,,,,,
DTLZ4,3,CD,0.151144907,0.000921024,0.121316187,0.163937697,,,,,,,,,,,,,,,,,,,,,,,,,,,,,,,,,,,,,,,,,
DTLZ4,3,CD,0.003576482,0.000144832,0.683307926,0.005026986,,,,,,,,,,,,,,,,,,,,,,,,,,,,,,,,,,,,,,,,,
DTLZ4,3,CD,0.011591497,0.000149786,0.721423969,0.003642344,,,,,,,,,,,,,,,,,,,,,,,,,,,,,,,,,,,,,,,,,
DTLZ4,3,CD,0.004202138,0.000128173,0.664720558,0.006277681,,,,,,,,,,,,,,,,,,,,,,,,,,,,,,,,,,,,,,,,,
DTLZ4,3,CD,0.001894863,0.0011119,0.412229323,0.561257123,,,,,,,,,,,,,,,,,,,,,,,,,,,,,,,,,,,,,,,,,
DTLZ4,3,CD,0.004894634,0.000116046,0.701443812,0.00412077,,,,,,,,,,,,,,,,,,,,,,,,,,,,,,,,,,,,,,,,,
DTLZ4,3,CD,0.004433905,0.00015966,0.645290493,0.008802534,,,,,,,,,,,,,,,,,,,,,,,,,,,,,,,,,,,,,,,,,
DTLZ4,3,PSA,0.010945675,0.000791648,0.338386043,0.057470176,,,,,,,,,,,,,,,,,,,,,,,,,,,,,,,,,,,,,,,,,
DTLZ4,3,PSA,0.027386619,0.000805768,0.260870964,0.059239611,,,,,,,,,,,,,,,,,,,,,,,,,,,,,,,,,,,,,,,,,
DTLZ4,3,PSA,0.045877257,0.000875613,0.118873062,0.063802557,,,,,,,,,,,,,,,,,,,,,,,,,,,,,,,,,,,,,,,,,
DTLZ4,3,PSA,0.010573579,0.000716868,0.245667469,0.034692118,,,,,,,,,,,,,,,,,,,,,,,,,,,,,,,,,,,,,,,,,
DTLZ4,3,PSA,0.010680391,0.000824161,0.208812129,0.114396256,,,,,,,,,,,,,,,,,,,,,,,,,,,,,,,,,,,,,,,,,
DTLZ4,3,PSA,0.012895131,0.00059835,0.377280719,0.042044686,,,,,,,,,,,,,,,,,,,,,,,,,,,,,,,,,,,,,,,,,
DTLZ4,3,PSA,0.033325722,0.000590402,0.283342491,0.049665942,,,,,,,,,,,,,,,,,,,,,,,,,,,,,,,,,,,,,,,,,
DTLZ4,3,PSA,0.020586229,0.000856152,0.199760888,0.073847929,,,,,,,,,,,,,,,,,,,,,,,,,,,,,,,,,,,,,,,,,
DTLZ4,3,PSA,0.023782521,0.000850009,0.213863803,0.064134603,,,,,,,,,,,,,,,,,,,,,,,,,,,,,,,,,,,,,,,,,
DTLZ4,3,PSA,0.036182313,0.000744894,0.249348299,0.082766079,,,,,,,,,,,,,,,,,,,,,,,,,,,,,,,,,,,,,,,,,
DTLZ4,3,PSA,0.023697574,0.000803054,0.151978398,0.165305676,,,,,,,,,,,,,,,,,,,,,,,,,,,,,,,,,,,,,,,,,
DTLZ4,3,PSA,0.019572258,0.000602532,0.303278456,0.017640081,,,,,,,,,,,,,,,,,,,,,,,,,,,,,,,,,,,,,,,,,
DTLZ4,3,PSA,0.099429594,0.000977837,0.091367307,0.128425324,,,,,,,,,,,,,,,,,,,,,,,,,,,,,,,,,,,,,,,,,
DTLZ4,3,PSA,0.030144639,0.000868206,0.128408299,0.100829819,,,,,,,,,,,,,,,,,,,,,,,,,,,,,,,,,,,,,,,,,
DTLZ4,3,PSA,0.0207022,0.000614772,0.253439005,0.078981056,,,,,,,,,,,,,,,,,,,,,,,,,,,,,,,,,,,,,,,,,
DTLZ4,3,PSA,0.008302962,0.000909206,0.121,0.14195375,,,,,,,,,,,,,,,,,,,,,,,,,,,,,,,,,,,,,,,,,
DTLZ4,3,PSA,0.018177538,0.000682299,0.224193887,0.057610249,,,,,,,,,,,,,,,,,,,,,,,,,,,,,,,,,,,,,,,,,
DTLZ4,3,PSA,0.013688158,0.00060532,0.318606067,0.031993689,,,,,,,,,,,,,,,,,,,,,,,,,,,,,,,,,,,,,,,,,
DTLZ4,3,PSA,0.012939816,0.000733574,0.189948332,0.143296254,,,,,,,,,,,,,,,,,,,,,,,,,,,,,,,,,,,,,,,,,
DTLZ4,3,PSA,0.015389298,0.000645484,0.307517047,0.050542878,,,,,,,,,,,,,,,,,,,,,,,,,,,,,,,,,,,,,,,,,
DTLZ4,4,CD,0.037972635,0.001900252,0.077812572,0.109972371,,,,,,,,,,,,,,,,,,,,,,,,,,,,,,,,,,,,,,,,,
DTLZ4,4,CD,0.036118061,0.001249312,0.076210091,0.104455435,,,,,,,,,,,,,,,,,,,,,,,,,,,,,,,,,,,,,,,,,
DTLZ4,4,CD,0.038420237,0.001323671,0.060636742,0.097414441,,,,,,,,,,,,,,,,,,,,,,,,,,,,,,,,,,,,,,,,,
DTLZ4,4,CD,0.045865664,0.001314534,0.122956667,0.132450832,,,,,,,,,,,,,,,,,,,,,,,,,,,,,,,,,,,,,,,,,
DTLZ4,4,CD,0.04936983,0.001806269,0,0.11997401,,,,,,,,,,,,,,,,,,,,,,,,,,,,,,,,,,,,,,,,,
DTLZ4,4,CD,0.055307832,0.001431061,0.021456666,0.157024123,,,,,,,,,,,,,,,,,,,,,,,,,,,,,,,,,,,,,,,,,
DTLZ4,4,CD,0.044325541,0.001236197,0.153107057,0.09376166,,,,,,,,,,,,,,,,,,,,,,,,,,,,,,,,,,,,,,,,,
DTLZ4,4,CD,0.043267114,0.001468949,0.035283045,0.159400302,,,,,,,,,,,,,,,,,,,,,,,,,,,,,,,,,,,,,,,,,
DTLZ4,4,CD,0.050843777,0.001703066,0.037035548,0.082969035,,,,,,,,,,,,,,,,,,,,,,,,,,,,,,,,,,,,,,,,,
DTLZ4,4,CD,0.044843011,0.00160151,0.037414638,0.09154458,,,,,,,,,,,,,,,,,,,,,,,,,,,,,,,,,,,,,,,,,
DTLZ4,4,CD,0.051991118,0.001477334,0,0.151867994,,,,,,,,,,,,,,,,,,,,,,,,,,,,,,,,,,,,,,,,,
DTLZ4,4,CD,0.045410263,0.001508961,0.026613032,0.113564813,,,,,,,,,,,,,,,,,,,,,,,,,,,,,,,,,,,,,,,,,
DTLZ4,4,CD,0.035251345,0.001279233,0.042404599,0.168266458,,,,,,,,,,,,,,,,,,,,,,,,,,,,,,,,,,,,,,,,,
DTLZ4,4,CD,0.058513319,0.001575553,0,0.090710166,,,,,,,,,,,,,,,,,,,,,,,,,,,,,,,,,,,,,,,,,
DTLZ4,4,CD,0.049512748,0.00172553,0.003746026,0.228994355,,,,,,,,,,,,,,,,,,,,,,,,,,,,,,,,,,,,,,,,,
DTLZ4,4,CD,0.042644301,0.001437419,0.018574783,0.215003771,,,,,,,,,,,,,,,,,,,,,,,,,,,,,,,,,,,,,,,,,
DTLZ4,4,CD,0.044237279,0.001332539,0.099071418,0.072857044,,,,,,,,,,,,,,,,,,,,,,,,,,,,,,,,,,,,,,,,,
DTLZ4,4,CD,0.038397657,0.001597908,0.032528211,0.135237673,,,,,,,,,,,,,,,,,,,,,,,,,,,,,,,,,,,,,,,,,
DTLZ4,4,CD,0.045388668,0.001586992,0.022091384,0.111640905,,,,,,,,,,,,,,,,,,,,,,,,,,,,,,,,,,,,,,,,,
DTLZ4,4,CD,0.038049929,0.001470989,0.086692023,0.10485871,,,,,,,,,,,,,,,,,,,,,,,,,,,,,,,,,,,,,,,,,
DTLZ4,4,PSA,0.027452377,0.001144715,0.213592357,0.036862631,,,,,,,,,,,,,,,,,,,,,,,,,,,,,,,,,,,,,,,,,
DTLZ4,4,PSA,0.026061167,0.000844797,0.29575982,0.059655111,,,,,,,,,,,,,,,,,,,,,,,,,,,,,,,,,,,,,,,,,
DTLZ4,4,PSA,0.027770219,0.000890766,0.254742793,0.052584672,,,,,,,,,,,,,,,,,,,,,,,,,,,,,,,,,,,,,,,,,
DTLZ4,4,PSA,0.03050783,0.000834915,0.401325481,0.021612588,,,,,,,,,,,,,,,,,,,,,,,,,,,,,,,,,,,,,,,,,
DTLZ4,4,PSA,0.023894653,0.000879142,0.297721736,0.048626218,,,,,,,,,,,,,,,,,,,,,,,,,,,,,,,,,,,,,,,,,
DTLZ4,4,PSA,0.024707889,0.000974437,0.237809467,0.08178465,,,,,,,,,,,,,,,,,,,,,,,,,,,,,,,,,,,,,,,,,
DTLZ4,4,PSA,0.064667654,0.001051652,0.189412718,0.070089848,,,,,,,,,,,,,,,,,,,,,,,,,,,,,,,,,,,,,,,,,
DTLZ4,4,PSA,0.024844719,0.000793327,0.531815263,0.029778124,,,,,,,,,,,,,,,,,,,,,,,,,,,,,,,,,,,,,,,,,
DTLZ4,4,PSA,0.028075148,0.000803562,0.480641205,0.027152411,,,,,,,,,,,,,,,,,,,,,,,,,,,,,,,,,,,,,,,,,
DTLZ4,4,PSA,0.026430694,0.00052731,0.700634426,0.028319384,,,,,,,,,,,,,,,,,,,,,,,,,,,,,,,,,,,,,,,,,
DTLZ4,4,PSA,0.032859869,0.000942581,0.24082599,0.06844303,,,,,,,,,,,,,,,,,,,,,,,,,,,,,,,,,,,,,,,,,
DTLZ4,4,PSA,0.026279923,0.000782111,0.391497313,0.02929777,,,,,,,,,,,,,,,,,,,,,,,,,,,,,,,,,,,,,,,,,
DTLZ4,4,PSA,0.027082968,0.000911299,0.448741797,0.035071464,,,,,,,,,,,,,,,,,,,,,,,,,,,,,,,,,,,,,,,,,
DTLZ4,4,PSA,0.02469555,0.000868491,0.496283135,0.028022779,,,,,,,,,,,,,,,,,,,,,,,,,,,,,,,,,,,,,,,,,
DTLZ4,4,PSA,0.02465991,0.00074394,0.450962496,0.036952662,,,,,,,,,,,,,,,,,,,,,,,,,,,,,,,,,,,,,,,,,
DTLZ4,4,PSA,0.023664479,0.000833625,0.548110145,0.029587942,,,,,,,,,,,,,,,,,,,,,,,,,,,,,,,,,,,,,,,,,
DTLZ4,4,PSA,0.023869433,0.000710275,0.352609578,0.030333638,,,,,,,,,,,,,,,,,,,,,,,,,,,,,,,,,,,,,,,,,
DTLZ4,4,PSA,0.027284008,0.000743469,0.3852995,0.037213065,,,,,,,,,,,,,,,,,,,,,,,,,,,,,,,,,,,,,,,,,
DTLZ4,4,PSA,0.021099912,0.000679687,0.52946357,0.023774299,,,,,,,,,,,,,,,,,,,,,,,,,,,,,,,,,,,,,,,,,
DTLZ4,4,PSA,0.030751096,0.001131137,0.163283565,0.063461205,,,,,,,,,,,,,,,,,,,,,,,,,,,,,,,,,,,,,,,,,
DTLZ4,5,CD,0.04253536,0.001752251,0,0.09274349,,,,,,,,,,,,,,,,,,,,,,,,,,,,,,,,,,,,,,,,,
DTLZ4,5,CD,0.042024539,0.001945237,0.004506919,0.083634864,,,,,,,,,,,,,,,,,,,,,,,,,,,,,,,,,,,,,,,,,
DTLZ4,5,CD,0.040482421,0.001779286,0.005759418,0.122428576,,,,,,,,,,,,,,,,,,,,,,,,,,,,,,,,,,,,,,,,,
DTLZ4,5,CD,0.040840325,0.001682931,0.075559488,0.069338368,,,,,,,,,,,,,,,,,,,,,,,,,,,,,,,,,,,,,,,,,
DTLZ4,5,CD,0.052120554,0.001641166,0.065878414,0.054743637,,,,,,,,,,,,,,,,,,,,,,,,,,,,,,,,,,,,,,,,,
DTLZ4,5,CD,0.041440561,0.001740647,0.001360866,0.094420136,,,,,,,,,,,,,,,,,,,,,,,,,,,,,,,,,,,,,,,,,
DTLZ4,5,CD,0.040192932,0.001635706,0.085069777,0.087133523,,,,,,,,,,,,,,,,,,,,,,,,,,,,,,,,,,,,,,,,,
DTLZ4,5,CD,0.044508987,0.0019047,0.11788818,0.063105126,,,,,,,,,,,,,,,,,,,,,,,,,,,,,,,,,,,,,,,,,
DTLZ4,5,CD,0.049265794,0.001623449,0.094428497,0.093584067,,,,,,,,,,,,,,,,,,,,,,,,,,,,,,,,,,,,,,,,,
DTLZ4,5,CD,0.036759684,0.002262176,0.001378672,0.112901661,,,,,,,,,,,,,,,,,,,,,,,,,,,,,,,,,,,,,,,,,
DTLZ4,5,CD,0.045834572,0.002017483,0.056460833,0.072639379,,,,,,,,,,,,,,,,,,,,,,,,,,,,,,,,,,,,,,,,,
DTLZ4,5,CD,0.039210925,0.001847527,0.058044761,0.07060371,,,,,,,,,,,,,,,,,,,,,,,,,,,,,,,,,,,,,,,,,
DTLZ4,5,CD,0.047958339,0.002075776,0,0.080457599,,,,,,,,,,,,,,,,,,,,,,,,,,,,,,,,,,,,,,,,,
DTLZ4,5,CD,0.043107212,0.00137693,0.12362685,0.058809969,,,,,,,,,,,,,,,,,,,,,,,,,,,,,,,,,,,,,,,,,
DTLZ4,5,CD,0.045832903,0.001435504,0.029609362,0.082256746,,,,,,,,,,,,,,,,,,,,,,,,,,,,,,,,,,,,,,,,,
DTLZ4,5,CD,0.051169869,0.001627898,0.00334898,0.063765759,,,,,,,,,,,,,,,,,,,,,,,,,,,,,,,,,,,,,,,,,
DTLZ4,5,CD,0.039852647,0.001529358,0.142975895,0.057320644,,,,,,,,,,,,,,,,,,,,,,,,,,,,,,,,,,,,,,,,,
DTLZ4,5,CD,0.038237615,0.002090592,0.035149152,0.089001333,,,,,,,,,,,,,,,,,,,,,,,,,,,,,,,,,,,,,,,,,
DTLZ4,5,CD,0.037974899,0.001677972,0.021089003,0.074573233,,,,,,,,,,,,,,,,,,,,,,,,,,,,,,,,,,,,,,,,,
DTLZ4,5,CD,0.045535175,0.002042519,0.010577707,0.078208636,,,,,,,,,,,,,,,,,,,,,,,,,,,,,,,,,,,,,,,,,
DTLZ4,5,PSA,0.054633116,0.001163576,0.328756229,0.020253571,,,,,,,,,,,,,,,,,,,,,,,,,,,,,,,,,,,,,,,,,
DTLZ4,5,PSA,0.052414828,0.000653525,0.942035582,0.007043342,,,,,,,,,,,,,,,,,,,,,,,,,,,,,,,,,,,,,,,,,
DTLZ4,5,PSA,0.049087797,0.001078458,0.251485293,0.031474344,,,,,,,,,,,,,,,,,,,,,,,,,,,,,,,,,,,,,,,,,
DTLZ4,5,PSA,0.054707861,0.001052651,0.444942514,0.022207204,,,,,,,,,,,,,,,,,,,,,,,,,,,,,,,,,,,,,,,,,
DTLZ4,5,PSA,0.044593243,0.000971156,0.502565514,0.020999577,,,,,,,,,,,,,,,,,,,,,,,,,,,,,,,,,,,,,,,,,
DTLZ4,5,PSA,0.055753854,0.001130863,0.449359524,0.018212662,,,,,,,,,,,,,,,,,,,,,,,,,,,,,,,,,,,,,,,,,
DTLZ4,5,PSA,0.043585131,0.000814291,0.536777378,0.01791637,,,,,,,,,,,,,,,,,,,,,,,,,,,,,,,,,,,,,,,,,
DTLZ4,5,PSA,0.047880101,0.001039541,0.308617418,0.03667718,,,,,,,,,,,,,,,,,,,,,,,,,,,,,,,,,,,,,,,,,
DTLZ4,5,PSA,0.053869453,0.001127516,0.179419991,0.028174208,,,,,,,,,,,,,,,,,,,,,,,,,,,,,,,,,,,,,,,,,
DTLZ4,5,PSA,0.044504415,0.001073631,0.690453343,0.001579602,,,,,,,,,,,,,,,,,,,,,,,,,,,,,,,,,,,,,,,,,
DTLZ4,5,PSA,0.052126179,0.001207798,0.191357115,0.05645154,,,,,,,,,,,,,,,,,,,,,,,,,,,,,,,,,,,,,,,,,
DTLZ4,5,PSA,0.061263654,0.000950572,0.429646836,0.022884291,,,,,,,,,,,,,,,,,,,,,,,,,,,,,,,,,,,,,,,,,
DTLZ4,5,PSA,0.056510123,0.001066872,0.432354091,0.026338262,,,,,,,,,,,,,,,,,,,,,,,,,,,,,,,,,,,,,,,,,
DTLZ4,5,PSA,0.048105934,0.001036305,0.226724531,0.049119479,,,,,,,,,,,,,,,,,,,,,,,,,,,,,,,,,,,,,,,,,
DTLZ4,5,PSA,0.051386007,0.000870356,0.414597306,0.030539991,,,,,,,,,,,,,,,,,,,,,,,,,,,,,,,,,,,,,,,,,
DTLZ4,5,PSA,0.053364453,0.001213835,0.260070762,0.087553545,,,,,,,,,,,,,,,,,,,,,,,,,,,,,,,,,,,,,,,,,
DTLZ4,5,PSA,0.048564316,0.001249142,0.359827241,0.032008549,,,,,,,,,,,,,,,,,,,,,,,,,,,,,,,,,,,,,,,,,
DTLZ4,5,PSA,0.05407555,0.000837441,0.453562754,0.032492893,,,,,,,,,,,,,,,,,,,,,,,,,,,,,,,,,,,,,,,,,
DTLZ4,5,PSA,0.043966657,0.001165299,0.206609582,0.047419,,,,,,,,,,,,,,,,,,,,,,,,,,,,,,,,,,,,,,,,,
DTLZ4,5,PSA,0.060309096,0.000936464,0.337128477,0.041210453,,,,,,,,,,,,,,,,,,,,,,,,,,,,,,,,,,,,,,,,,
DTLZ4,6,CD,0.070487019,0.001995747,0.008199596,0.047901581,,,,,,,,,,,,,,,,,,,,,,,,,,,,,,,,,,,,,,,,,
DTLZ4,6,CD,0.071831359,0.002406035,0.023220062,0.049774009,,,,,,,,,,,,,,,,,,,,,,,,,,,,,,,,,,,,,,,,,
DTLZ4,6,CD,0.073726023,0.002555392,0.089916145,0.048722114,,,,,,,,,,,,,,,,,,,,,,,,,,,,,,,,,,,,,,,,,
DTLZ4,6,CD,0.07101512,0.001885682,0.072687712,0.041440866,,,,,,,,,,,,,,,,,,,,,,,,,,,,,,,,,,,,,,,,,
DTLZ4,6,CD,0.076161318,0.003118937,0.086053786,0.06464854,,,,,,,,,,,,,,,,,,,,,,,,,,,,,,,,,,,,,,,,,
DTLZ4,6,CD,0.070767487,0.002525542,0.049155517,0.056684661,,,,,,,,,,,,,,,,,,,,,,,,,,,,,,,,,,,,,,,,,
DTLZ4,6,CD,0.071485573,0.002846279,0,0.062551246,,,,,,,,,,,,,,,,,,,,,,,,,,,,,,,,,,,,,,,,,
DTLZ4,6,CD,0.068616151,0.003114631,0.088765863,0.069876828,,,,,,,,,,,,,,,,,,,,,,,,,,,,,,,,,,,,,,,,,
DTLZ4,6,CD,0.070519751,0.002743205,0.004097031,0.051506322,,,,,,,,,,,,,,,,,,,,,,,,,,,,,,,,,,,,,,,,,
DTLZ4,6,CD,0.080239895,0.002509588,0.018485364,0.096869299,,,,,,,,,,,,,,,,,,,,,,,,,,,,,,,,,,,,,,,,,
DTLZ4,6,CD,0.073937598,0.00231548,0.003964579,0.058426355,,,,,,,,,,,,,,,,,,,,,,,,,,,,,,,,,,,,,,,,,
DTLZ4,6,CD,0.064797782,0.001563115,0.09448644,0.032181309,,,,,,,,,,,,,,,,,,,,,,,,,,,,,,,,,,,,,,,,,
DTLZ4,6,CD,0.06616758,0.004315142,0.033159286,0.065407333,,,,,,,,,,,,,,,,,,,,,,,,,,,,,,,,,,,,,,,,,
DTLZ4,6,CD,0.070737573,0.00242264,0.057905891,0.058169978,,,,,,,,,,,,,,,,,,,,,,,,,,,,,,,,,,,,,,,,,
DTLZ4,6,CD,0.066799147,0.003579576,0.018746992,0.047033945,,,,,,,,,,,,,,,,,,,,,,,,,,,,,,,,,,,,,,,,,
DTLZ4,6,CD,0.071548831,0.003772549,0,0.065576883,,,,,,,,,,,,,,,,,,,,,,,,,,,,,,,,,,,,,,,,,
DTLZ4,6,CD,0.071667767,0.003116399,0.094642976,0.04538321,,,,,,,,,,,,,,,,,,,,,,,,,,,,,,,,,,,,,,,,,
DTLZ4,6,CD,0.068831389,0.002491457,0,0.053074998,,,,,,,,,,,,,,,,,,,,,,,,,,,,,,,,,,,,,,,,,
DTLZ4,6,CD,0.065822739,0.004094479,0.178392083,0.054667714,,,,,,,,,,,,,,,,,,,,,,,,,,,,,,,,,,,,,,,,,
DTLZ4,6,CD,0.063310233,0.003355898,0.235304404,0.057055946,,,,,,,,,,,,,,,,,,,,,,,,,,,,,,,,,,,,,,,,,
DTLZ4,6,PSA,0.071061334,0.001111713,0.53315764,0.014284003,,,,,,,,,,,,,,,,,,,,,,,,,,,,,,,,,,,,,,,,,
DTLZ4,6,PSA,0.073223671,0.001258525,0.466030125,0.026616682,,,,,,,,,,,,,,,,,,,,,,,,,,,,,,,,,,,,,,,,,
DTLZ4,6,PSA,0.078410821,0.001312499,0.318164307,0.01937931,,,,,,,,,,,,,,,,,,,,,,,,,,,,,,,,,,,,,,,,,
DTLZ4,6,PSA,0.066492847,0.000973758,0.600199391,0.01212501,,,,,,,,,,,,,,,,,,,,,,,,,,,,,,,,,,,,,,,,,
DTLZ4,6,PSA,0.078344828,0.001278382,0.403983877,0.032162317,,,,,,,,,,,,,,,,,,,,,,,,,,,,,,,,,,,,,,,,,
DTLZ4,6,PSA,0.069512364,0.001362876,0.214845699,0.025011929,,,,,,,,,,,,,,,,,,,,,,,,,,,,,,,,,,,,,,,,,
DTLZ4,6,PSA,0.072900328,0.001090065,0.631529811,0.017394262,,,,,,,,,,,,,,,,,,,,,,,,,,,,,,,,,,,,,,,,,
DTLZ4,6,PSA,0.072151317,0.001219712,0.481692663,0.013827902,,,,,,,,,,,,,,,,,,,,,,,,,,,,,,,,,,,,,,,,,
DTLZ4,6,PSA,0.066680045,0.001158265,0.999095349,0.005254315,,,,,,,,,,,,,,,,,,,,,,,,,,,,,,,,,,,,,,,,,
DTLZ4,6,PSA,0.08123429,0.001136718,0.977199767,0.008087182,,,,,,,,,,,,,,,,,,,,,,,,,,,,,,,,,,,,,,,,,
DTLZ4,6,PSA,0.072751828,0.00124369,0.221065428,0.029854996,,,,,,,,,,,,,,,,,,,,,,,,,,,,,,,,,,,,,,,,,
DTLZ4,6,PSA,0.069167898,0.00076468,0.904858335,0.00573585,,,,,,,,,,,,,,,,,,,,,,,,,,,,,,,,,,,,,,,,,
DTLZ4,6,PSA,0.07065143,0.00113014,0.510140728,0.01367971,,,,,,,,,,,,,,,,,,,,,,,,,,,,,,,,,,,,,,,,,
DTLZ4,6,PSA,0.066173841,0.001093595,0.700340384,0.013100717,,,,,,,,,,,,,,,,,,,,,,,,,,,,,,,,,,,,,,,,,
DTLZ4,6,PSA,0.070826333,0.0011559,0.675744618,0.016304912,,,,,,,,,,,,,,,,,,,,,,,,,,,,,,,,,,,,,,,,,
DTLZ4,6,PSA,0.068942656,0.001059356,0.666688362,0.011235606,,,,,,,,,,,,,,,,,,,,,,,,,,,,,,,,,,,,,,,,,
DTLZ4,6,PSA,0.068009609,0.001271606,0.253324823,0.020063856,,,,,,,,,,,,,,,,,,,,,,,,,,,,,,,,,,,,,,,,,
DTLZ4,6,PSA,0.08118581,0.001056934,0.486090185,0.017115698,,,,,,,,,,,,,,,,,,,,,,,,,,,,,,,,,,,,,,,,,
DTLZ4,6,PSA,0.069848879,0.001041115,0.603349112,0.013478404,,,,,,,,,,,,,,,,,,,,,,,,,,,,,,,,,,,,,,,,,
DTLZ4,6,PSA,0.066932506,0.001138938,1.152721441,0.004725324,,,,,,,,,,,,,,,,,,,,,,,,,,,,,,,,,,,,,,,,,
DTLZ4,7,CD,0.074272908,0.003288716,0.019523858,0.051840153,,,,,,,,,,,,,,,,,,,,,,,,,,,,,,,,,,,,,,,,,
DTLZ4,7,CD,0.079879329,0.004097887,0,0.069219248,,,,,,,,,,,,,,,,,,,,,,,,,,,,,,,,,,,,,,,,,
DTLZ4,7,CD,0.081862803,0.002663239,0.029858001,0.062286316,,,,,,,,,,,,,,,,,,,,,,,,,,,,,,,,,,,,,,,,,
DTLZ4,7,CD,0.080246386,0.002539389,0.001361678,0.043432647,,,,,,,,,,,,,,,,,,,,,,,,,,,,,,,,,,,,,,,,,
DTLZ4,7,CD,0.084782068,0.002931893,0.069600656,0.049509068,,,,,,,,,,,,,,,,,,,,,,,,,,,,,,,,,,,,,,,,,
DTLZ4,7,CD,0.084673584,0.00404564,0.037463521,0.050767601,,,,,,,,,,,,,,,,,,,,,,,,,,,,,,,,,,,,,,,,,
DTLZ4,7,CD,0.079295163,0.002363257,0.129370162,0.046503619,,,,,,,,,,,,,,,,,,,,,,,,,,,,,,,,,,,,,,,,,
DTLZ4,7,CD,0.080336326,0.004331498,0.087804644,0.055969697,,,,,,,,,,,,,,,,,,,,,,,,,,,,,,,,,,,,,,,,,
DTLZ4,7,CD,0.080239987,0.003151393,0.062492056,0.04231034,,,,,,,,,,,,,,,,,,,,,,,,,,,,,,,,,,,,,,,,,
DTLZ4,7,CD,0.082534829,0.00317439,0.015015629,0.060085566,,,,,,,,,,,,,,,,,,,,,,,,,,,,,,,,,,,,,,,,,
DTLZ4,7,CD,0.077838888,0.00400693,0.133058092,0.046084898,,,,,,,,,,,,,,,,,,,,,,,,,,,,,,,,,,,,,,,,,
DTLZ4,7,CD,0.082667804,0.003911387,0.114686082,0.057749847,,,,,,,,,,,,,,,,,,,,,,,,,,,,,,,,,,,,,,,,,
DTLZ4,7,CD,0.07740677,0.004899987,0,0.072471034,,,,,,,,,,,,,,,,,,,,,,,,,,,,,,,,,,,,,,,,,
DTLZ4,7,CD,0.081209712,0.002979825,0,0.069947108,,,,,,,,,,,,,,,,,,,,,,,,,,,,,,,,,,,,,,,,,
DTLZ4,7,CD,0.07553183,0.003616548,0.017482398,0.059143356,,,,,,,,,,,,,,,,,,,,,,,,,,,,,,,,,,,,,,,,,
DTLZ4,7,CD,0.081604348,0.002036979,0,0.045155054,,,,,,,,,,,,,,,,,,,,,,,,,,,,,,,,,,,,,,,,,
DTLZ4,7,CD,0.079626267,0.00310141,0,0.056838682,,,,,,,,,,,,,,,,,,,,,,,,,,,,,,,,,,,,,,,,,
DTLZ4,7,CD,0.079406798,0.005299208,0,0.049455259,,,,,,,,,,,,,,,,,,,,,,,,,,,,,,,,,,,,,,,,,
DTLZ4,7,CD,0.077749401,0.004190769,0.01149239,0.063597358,,,,,,,,,,,,,,,,,,,,,,,,,,,,,,,,,,,,,,,,,
DTLZ4,7,CD,0.082382276,0.003663455,0.007312281,0.068316385,,,,,,,,,,,,,,,,,,,,,,,,,,,,,,,,,,,,,,,,,
DTLZ4,7,PSA,0.082907148,0.00114816,0.640606517,0.011726964,,,,,,,,,,,,,,,,,,,,,,,,,,,,,,,,,,,,,,,,,
DTLZ4,7,PSA,0.089476577,0.00150371,0.651164877,0.01274498,,,,,,,,,,,,,,,,,,,,,,,,,,,,,,,,,,,,,,,,,
DTLZ4,7,PSA,0.084341407,0.001150345,0.654729421,0.014304845,,,,,,,,,,,,,,,,,,,,,,,,,,,,,,,,,,,,,,,,,
DTLZ4,7,PSA,0.090988294,0.001618719,0.552188318,0.015853236,,,,,,,,,,,,,,,,,,,,,,,,,,,,,,,,,,,,,,,,,
DTLZ4,7,PSA,0.080824534,0.002063694,0.772395841,0.007475948,,,,,,,,,,,,,,,,,,,,,,,,,,,,,,,,,,,,,,,,,
DTLZ4,7,PSA,0.080217685,0.001174871,0.607218009,0.010641108,,,,,,,,,,,,,,,,,,,,,,,,,,,,,,,,,,,,,,,,,
DTLZ4,7,PSA,0.084380926,0.001110558,0.603087322,0.010639515,,,,,,,,,,,,,,,,,,,,,,,,,,,,,,,,,,,,,,,,,
DTLZ4,7,PSA,0.082146697,0.001050596,0.703272813,0.008033372,,,,,,,,,,,,,,,,,,,,,,,,,,,,,,,,,,,,,,,,,
DTLZ4,7,PSA,0.080773503,0.00144303,0.573901636,0.014320985,,,,,,,,,,,,,,,,,,,,,,,,,,,,,,,,,,,,,,,,,
DTLZ4,7,PSA,0.087518711,0.000959985,0.897408259,0.012287587,,,,,,,,,,,,,,,,,,,,,,,,,,,,,,,,,,,,,,,,,
DTLZ4,7,PSA,0.085736255,0.001794146,0.533513549,0.014490036,,,,,,,,,,,,,,,,,,,,,,,,,,,,,,,,,,,,,,,,,
DTLZ4,7,PSA,0.089772863,0.001319048,0.47822685,0.016033261,,,,,,,,,,,,,,,,,,,,,,,,,,,,,,,,,,,,,,,,,
DTLZ4,7,PSA,0.083211401,0.0015111,0.548005116,0.009109068,,,,,,,,,,,,,,,,,,,,,,,,,,,,,,,,,,,,,,,,,
DTLZ4,7,PSA,0.084770744,0.001033317,1.013365427,0.006650685,,,,,,,,,,,,,,,,,,,,,,,,,,,,,,,,,,,,,,,,,
DTLZ4,7,PSA,0.082671596,0.001150376,0.677261237,0.009517672,,,,,,,,,,,,,,,,,,,,,,,,,,,,,,,,,,,,,,,,,
DTLZ4,7,PSA,0.080608353,0.00149012,0.616882992,0.01648158,,,,,,,,,,,,,,,,,,,,,,,,,,,,,,,,,,,,,,,,,
DTLZ4,7,PSA,0.088548637,0.001080581,0.619517796,0.011972389,,,,,,,,,,,,,,,,,,,,,,,,,,,,,,,,,,,,,,,,,
DTLZ4,7,PSA,0.084866316,0.000960023,1.053245582,0.009138197,,,,,,,,,,,,,,,,,,,,,,,,,,,,,,,,,,,,,,,,,
DTLZ4,7,PSA,0.081182851,0.001074771,0.955671685,0.007033259,,,,,,,,,,,,,,,,,,,,,,,,,,,,,,,,,,,,,,,,,
DTLZ4,7,PSA,0.094927499,0.002532096,0.706945199,0.014022389,,,,,,,,,,,,,,,,,,,,,,,,,,,,,,,,,,,,,,,,,
DTLZ4,8,CD,0.087298668,0.004955421,0.000380015,0.059220991,,,,,,,,,,,,,,,,,,,,,,,,,,,,,,,,,,,,,,,,,
DTLZ4,8,CD,0.087921454,0.004659507,0.084198125,0.066820742,,,,,,,,,,,,,,,,,,,,,,,,,,,,,,,,,,,,,,,,,
DTLZ4,8,CD,0.08803499,0.006420773,0.126810976,0.066159974,,,,,,,,,,,,,,,,,,,,,,,,,,,,,,,,,,,,,,,,,
DTLZ4,8,CD,0.087548325,0.002950917,0.013079289,0.054593655,,,,,,,,,,,,,,,,,,,,,,,,,,,,,,,,,,,,,,,,,
DTLZ4,8,CD,0.085596983,0.003294065,0,0.062678449,,,,,,,,,,,,,,,,,,,,,,,,,,,,,,,,,,,,,,,,,
DTLZ4,8,CD,0.090915733,0.005617084,0.10557064,0.070219197,,,,,,,,,,,,,,,,,,,,,,,,,,,,,,,,,,,,,,,,,
DTLZ4,8,CD,0.08377046,0.006942718,0.037067694,0.057217225,,,,,,,,,,,,,,,,,,,,,,,,,,,,,,,,,,,,,,,,,
DTLZ4,8,CD,0.087624135,0.002497079,0.03283469,0.050347665,,,,,,,,,,,,,,,,,,,,,,,,,,,,,,,,,,,,,,,,,
DTLZ4,8,CD,0.08596625,0.003139202,0.011332753,0.041557005,,,,,,,,,,,,,,,,,,,,,,,,,,,,,,,,,,,,,,,,,
DTLZ4,8,CD,0.088858235,0.004686622,0.067363413,0.065288169,,,,,,,,,,,,,,,,,,,,,,,,,,,,,,,,,,,,,,,,,
DTLZ4,8,CD,0.088724104,0.004801782,0.00797748,0.055397392,,,,,,,,,,,,,,,,,,,,,,,,,,,,,,,,,,,,,,,,,
DTLZ4,8,CD,0.083932698,0.004039039,0.00677865,0.050993306,,,,,,,,,,,,,,,,,,,,,,,,,,,,,,,,,,,,,,,,,
DTLZ4,8,CD,0.086671565,0.00440992,0.00818579,0.059115345,,,,,,,,,,,,,,,,,,,,,,,,,,,,,,,,,,,,,,,,,
DTLZ4,8,CD,0.086715713,0.003548638,0.024627576,0.05245107,,,,,,,,,,,,,,,,,,,,,,,,,,,,,,,,,,,,,,,,,
DTLZ4,8,CD,0.086452581,0.006531487,0,0.064603988,,,,,,,,,,,,,,,,,,,,,,,,,,,,,,,,,,,,,,,,,
DTLZ4,8,CD,0.084357163,0.003707257,0.129455534,0.064487267,,,,,,,,,,,,,,,,,,,,,,,,,,,,,,,,,,,,,,,,,
DTLZ4,8,CD,0.087927669,0.004431214,0.000862389,0.053186803,,,,,,,,,,,,,,,,,,,,,,,,,,,,,,,,,,,,,,,,,
DTLZ4,8,CD,0.08657232,0.006552769,0,0.065628661,,,,,,,,,,,,,,,,,,,,,,,,,,,,,,,,,,,,,,,,,
DTLZ4,8,CD,0.08477182,0.005221011,0,0.061966316,,,,,,,,,,,,,,,,,,,,,,,,,,,,,,,,,,,,,,,,,
DTLZ4,8,CD,0.085135862,0.005482305,0,0.057801148,,,,,,,,,,,,,,,,,,,,,,,,,,,,,,,,,,,,,,,,,
DTLZ4,8,PSA,0.095783937,0.002206653,0.63973694,0.017678082,,,,,,,,,,,,,,,,,,,,,,,,,,,,,,,,,,,,,,,,,
DTLZ4,8,PSA,0.099798535,0.00147726,0.806422971,0.009293222,,,,,,,,,,,,,,,,,,,,,,,,,,,,,,,,,,,,,,,,,
DTLZ4,8,PSA,0.100360334,0.002763574,0.858059093,0.01766243,,,,,,,,,,,,,,,,,,,,,,,,,,,,,,,,,,,,,,,,,
DTLZ4,8,PSA,0.102983667,0.001873257,0.497670794,0.018436777,,,,,,,,,,,,,,,,,,,,,,,,,,,,,,,,,,,,,,,,,
DTLZ4,8,PSA,0.103973207,0.002652872,0.526895173,0.021824281,,,,,,,,,,,,,,,,,,,,,,,,,,,,,,,,,,,,,,,,,
DTLZ4,8,PSA,0.095403303,0.001619559,0.450962546,0.017556694,,,,,,,,,,,,,,,,,,,,,,,,,,,,,,,,,,,,,,,,,
DTLZ4,8,PSA,0.093890612,0.001449019,0.658273369,0.011433027,,,,,,,,,,,,,,,,,,,,,,,,,,,,,,,,,,,,,,,,,
DTLZ4,8,PSA,0.090200919,0.002259074,0.710582846,0.017166207,,,,,,,,,,,,,,,,,,,,,,,,,,,,,,,,,,,,,,,,,
DTLZ4,8,PSA,0.097477549,0.001270304,1.15563651,0.007570746,,,,,,,,,,,,,,,,,,,,,,,,,,,,,,,,,,,,,,,,,
DTLZ4,8,PSA,0.098109511,0.001917875,0.673563632,0.014877297,,,,,,,,,,,,,,,,,,,,,,,,,,,,,,,,,,,,,,,,,
DTLZ4,8,PSA,0.098067317,0.001828286,0.787117223,0.012576608,,,,,,,,,,,,,,,,,,,,,,,,,,,,,,,,,,,,,,,,,
DTLZ4,8,PSA,0.095706617,0.001253976,0.553917159,0.014599195,,,,,,,,,,,,,,,,,,,,,,,,,,,,,,,,,,,,,,,,,
DTLZ4,8,PSA,0.099409823,0.001607684,0.580821063,0.012424168,,,,,,,,,,,,,,,,,,,,,,,,,,,,,,,,,,,,,,,,,
DTLZ4,8,PSA,0.07892209,0.001698049,0.700804606,0.015112899,,,,,,,,,,,,,,,,,,,,,,,,,,,,,,,,,,,,,,,,,
DTLZ4,8,PSA,0.093222386,0.002558171,0.61737113,0.017418804,,,,,,,,,,,,,,,,,,,,,,,,,,,,,,,,,,,,,,,,,
DTLZ4,8,PSA,0.096208794,0.003705096,0.789651818,0.011446541,,,,,,,,,,,,,,,,,,,,,,,,,,,,,,,,,,,,,,,,,
DTLZ4,8,PSA,0.098108245,0.002802093,0.425220383,0.018982609,,,,,,,,,,,,,,,,,,,,,,,,,,,,,,,,,,,,,,,,,
DTLZ4,8,PSA,0.099981864,0.002623826,0.564447692,0.019013998,,,,,,,,,,,,,,,,,,,,,,,,,,,,,,,,,,,,,,,,,
DTLZ4,8,PSA,0.103383083,0.002992197,0.86309772,0.017969273,,,,,,,,,,,,,,,,,,,,,,,,,,,,,,,,,,,,,,,,,
DTLZ4,8,PSA,0.104790408,0.004439899,0.771801327,0.020679182,,,,,,,,,,,,,,,,,,,,,,,,,,,,,,,,,,,,,,,,,
DTLZ4,10,CD,0.093820867,0.005072048,0.090329456,0.06142691,,,,,,,,,,,,,,,,,,,,,,,,,,,,,,,,,,,,,,,,,
DTLZ4,10,CD,0.087959826,0.007161621,0.043664258,0.084108638,,,,,,,,,,,,,,,,,,,,,,,,,,,,,,,,,,,,,,,,,
DTLZ4,10,CD,0.092209154,0.005792927,0,0.075857494,,,,,,,,,,,,,,,,,,,,,,,,,,,,,,,,,,,,,,,,,
DTLZ4,10,CD,0.089584598,0.005812657,0.001600585,0.073154063,,,,,,,,,,,,,,,,,,,,,,,,,,,,,,,,,,,,,,,,,
DTLZ4,10,CD,0.090094277,0.00584053,0,0.062197799,,,,,,,,,,,,,,,,,,,,,,,,,,,,,,,,,,,,,,,,,
DTLZ4,10,CD,0.089739369,0.006032301,0.022153028,0.063436772,,,,,,,,,,,,,,,,,,,,,,,,,,,,,,,,,,,,,,,,,
DTLZ4,10,CD,0.094024753,0.007416856,0,0.068532301,,,,,,,,,,,,,,,,,,,,,,,,,,,,,,,,,,,,,,,,,
DTLZ4,10,CD,0.089281417,0.006477775,0,0.071839808,,,,,,,,,,,,,,,,,,,,,,,,,,,,,,,,,,,,,,,,,
DTLZ4,10,CD,0.092173783,0.006001489,0.020506932,0.081489035,,,,,,,,,,,,,,,,,,,,,,,,,,,,,,,,,,,,,,,,,
DTLZ4,10,CD,0.090568124,0.005507551,0.051629298,0.057617251,,,,,,,,,,,,,,,,,,,,,,,,,,,,,,,,,,,,,,,,,
DTLZ4,10,CD,0.091528448,0.005825845,0.002016246,0.073556139,,,,,,,,,,,,,,,,,,,,,,,,,,,,,,,,,,,,,,,,,
DTLZ4,10,CD,0.090491959,0.005338247,0,0.07549032,,,,,,,,,,,,,,,,,,,,,,,,,,,,,,,,,,,,,,,,,
DTLZ4,10,CD,0.090928517,0.008429191,0.035571897,0.071031927,,,,,,,,,,,,,,,,,,,,,,,,,,,,,,,,,,,,,,,,,
DTLZ4,10,CD,0.093068147,0.006803717,0.043739453,0.073033559,,,,,,,,,,,,,,,,,,,,,,,,,,,,,,,,,,,,,,,,,
DTLZ4,10,CD,0.092358771,0.006663523,0,0.067037419,,,,,,,,,,,,,,,,,,,,,,,,,,,,,,,,,,,,,,,,,
DTLZ4,10,CD,0.089287416,0.004741343,0,0.069874454,,,,,,,,,,,,,,,,,,,,,,,,,,,,,,,,,,,,,,,,,
DTLZ4,10,CD,0.091647008,0.004806296,0.010040636,0.060612527,,,,,,,,,,,,,,,,,,,,,,,,,,,,,,,,,,,,,,,,,
DTLZ4,10,CD,0.093421387,0.009201312,0,0.079769003,,,,,,,,,,,,,,,,,,,,,,,,,,,,,,,,,,,,,,,,,
DTLZ4,10,CD,0.088864923,0.006957449,0.10595409,0.081957221,,,,,,,,,,,,,,,,,,,,,,,,,,,,,,,,,,,,,,,,,
DTLZ4,10,CD,0.094368308,0.00523391,0.064159704,0.065313902,,,,,,,,,,,,,,,,,,,,,,,,,,,,,,,,,,,,,,,,,
DTLZ4,10,PSA,0.125192821,0.004492528,0.544083663,0.024253157,,,,,,,,,,,,,,,,,,,,,,,,,,,,,,,,,,,,,,,,,
DTLZ4,10,PSA,0.111771411,0.002703047,0.435245054,0.021788833,,,,,,,,,,,,,,,,,,,,,,,,,,,,,,,,,,,,,,,,,
DTLZ4,10,PSA,0.090714901,0.003035467,0.887849453,0.02414039,,,,,,,,,,,,,,,,,,,,,,,,,,,,,,,,,,,,,,,,,
DTLZ4,10,PSA,0.113777925,0.002389019,0.98517931,0.0259452,,,,,,,,,,,,,,,,,,,,,,,,,,,,,,,,,,,,,,,,,
DTLZ4,10,PSA,0.109428646,0.003491065,0.71498851,0.019981583,,,,,,,,,,,,,,,,,,,,,,,,,,,,,,,,,,,,,,,,,
DTLZ4,10,PSA,0.104436903,0.002200995,0.529282696,0.023115859,,,,,,,,,,,,,,,,,,,,,,,,,,,,,,,,,,,,,,,,,
DTLZ4,10,PSA,0.107729842,0.001849799,0.733009482,0.022505536,,,,,,,,,,,,,,,,,,,,,,,,,,,,,,,,,,,,,,,,,
DTLZ4,10,PSA,0.106238674,0.00373096,0.943450914,0.021585472,,,,,,,,,,,,,,,,,,,,,,,,,,,,,,,,,,,,,,,,,
DTLZ4,10,PSA,0.112547785,0.003807521,0.331754898,0.016081204,,,,,,,,,,,,,,,,,,,,,,,,,,,,,,,,,,,,,,,,,
DTLZ4,10,PSA,0.108227262,0.002424623,0.457142558,0.020052796,,,,,,,,,,,,,,,,,,,,,,,,,,,,,,,,,,,,,,,,,
DTLZ4,10,PSA,0.111331614,0.004157472,0.356878444,0.023520652,,,,,,,,,,,,,,,,,,,,,,,,,,,,,,,,,,,,,,,,,
DTLZ4,10,PSA,0.115996759,0.006246843,0.58987154,0.025010304,,,,,,,,,,,,,,,,,,,,,,,,,,,,,,,,,,,,,,,,,
DTLZ4,10,PSA,0.10137094,0.003076529,0.83389033,0.019402262,,,,,,,,,,,,,,,,,,,,,,,,,,,,,,,,,,,,,,,,,
DTLZ4,10,PSA,0.106003874,0.003752094,0.715182029,0.022233132,,,,,,,,,,,,,,,,,,,,,,,,,,,,,,,,,,,,,,,,,
DTLZ4,10,PSA,0.11505157,0.00362664,0.746049466,0.020895755,,,,,,,,,,,,,,,,,,,,,,,,,,,,,,,,,,,,,,,,,
DTLZ4,10,PSA,0.093800468,0.002739214,0.632654068,0.026920467,,,,,,,,,,,,,,,,,,,,,,,,,,,,,,,,,,,,,,,,,
DTLZ4,10,PSA,0.119531123,0.002791303,0.500173707,0.024956064,,,,,,,,,,,,,,,,,,,,,,,,,,,,,,,,,,,,,,,,,
DTLZ4,10,PSA,0.092069493,0.002724595,0.50050963,0.022671493,,,,,,,,,,,,,,,,,,,,,,,,,,,,,,,,,,,,,,,,,
DTLZ4,10,PSA,0.106799144,0.002242744,0.924054557,0.016399523,,,,,,,,,,,,,,,,,,,,,,,,,,,,,,,,,,,,,,,,,
DTLZ4,10,PSA,0.109436097,0.003530092,0.549519898,0.020484743,,,,,,,,,,,,,,,,,,,,,,,,,,,,,,,,,,,,,,,,,
DTLZ4,12,CD,0.095078833,0.004913708,0,0.07350442,,,,,,,,,,,,,,,,,,,,,,,,,,,,,,,,,,,,,,,,,
DTLZ4,12,CD,0.09312494,0.008552385,0.079735577,0.083932988,,,,,,,,,,,,,,,,,,,,,,,,,,,,,,,,,,,,,,,,,
DTLZ4,12,CD,0.094484474,0.008599482,0.00027973,0.092739527,,,,,,,,,,,,,,,,,,,,,,,,,,,,,,,,,,,,,,,,,
DTLZ4,12,CD,0.09095729,0.005706533,0.055556639,0.079046623,,,,,,,,,,,,,,,,,,,,,,,,,,,,,,,,,,,,,,,,,
DTLZ4,12,CD,0.092221339,0.005465519,0.138991011,0.063899979,,,,,,,,,,,,,,,,,,,,,,,,,,,,,,,,,,,,,,,,,
DTLZ4,12,CD,0.09307869,0.006612494,0,0.070851888,,,,,,,,,,,,,,,,,,,,,,,,,,,,,,,,,,,,,,,,,
DTLZ4,12,CD,0.097602623,0.007614368,0,0.077423627,,,,,,,,,,,,,,,,,,,,,,,,,,,,,,,,,,,,,,,,,
DTLZ4,12,CD,0.095463072,0.005941515,0,0.080302989,,,,,,,,,,,,,,,,,,,,,,,,,,,,,,,,,,,,,,,,,
DTLZ4,12,CD,0.09283368,0.007733037,0.048531075,0.094868838,,,,,,,,,,,,,,,,,,,,,,,,,,,,,,,,,,,,,,,,,
DTLZ4,12,CD,0.095662023,0.007647088,0.030385771,0.077383777,,,,,,,,,,,,,,,,,,,,,,,,,,,,,,,,,,,,,,,,,
DTLZ4,12,CD,0.095818285,0.00887874,0.075066495,0.06770986,,,,,,,,,,,,,,,,,,,,,,,,,,,,,,,,,,,,,,,,,
DTLZ4,12,CD,0.092179816,0.006489431,0,0.09777305,,,,,,,,,,,,,,,,,,,,,,,,,,,,,,,,,,,,,,,,,
DTLZ4,12,CD,0.093405896,0.007326264,0.121138754,0.09054448,,,,,,,,,,,,,,,,,,,,,,,,,,,,,,,,,,,,,,,,,
DTLZ4,12,CD,0.094841885,0.007873672,0,0.073874737,,,,,,,,,,,,,,,,,,,,,,,,,,,,,,,,,,,,,,,,,
DTLZ4,12,CD,0.092180368,0.007841672,0,0.104730081,,,,,,,,,,,,,,,,,,,,,,,,,,,,,,,,,,,,,,,,,
DTLZ4,12,CD,0.093495625,0.007542512,0.001064586,0.071188364,,,,,,,,,,,,,,,,,,,,,,,,,,,,,,,,,,,,,,,,,
DTLZ4,12,CD,0.093417785,0.008382688,0.014234785,0.067601726,,,,,,,,,,,,,,,,,,,,,,,,,,,,,,,,,,,,,,,,,
DTLZ4,12,CD,0.096423766,0.008943632,0.019330669,0.087880071,,,,,,,,,,,,,,,,,,,,,,,,,,,,,,,,,,,,,,,,,
DTLZ4,12,CD,0.095224613,0.007366336,0.009968677,0.0742544,,,,,,,,,,,,,,,,,,,,,,,,,,,,,,,,,,,,,,,,,
DTLZ4,12,CD,0.094299878,0.006951144,0.002322439,0.073013454,,,,,,,,,,,,,,,,,,,,,,,,,,,,,,,,,,,,,,,,,
DTLZ4,12,PSA,0.109170586,0.002508355,0.2387365,0.019216403,,,,,,,,,,,,,,,,,,,,,,,,,,,,,,,,,,,,,,,,,
DTLZ4,12,PSA,0.123955931,0.004376071,0.464542464,0.027885892,,,,,,,,,,,,,,,,,,,,,,,,,,,,,,,,,,,,,,,,,
DTLZ4,12,PSA,0.131294333,0.005096767,0.179501299,0.019279696,,,,,,,,,,,,,,,,,,,,,,,,,,,,,,,,,,,,,,,,,
DTLZ4,12,PSA,0.128265544,0.005912585,0.06838571,0.023055536,,,,,,,,,,,,,,,,,,,,,,,,,,,,,,,,,,,,,,,,,
DTLZ4,12,PSA,0.11220915,0.003156197,0.277282418,0.019289839,,,,,,,,,,,,,,,,,,,,,,,,,,,,,,,,,,,,,,,,,
DTLZ4,12,PSA,0.110607274,0.003071839,0.546103687,0.02527709,,,,,,,,,,,,,,,,,,,,,,,,,,,,,,,,,,,,,,,,,
DTLZ4,12,PSA,0.112304352,0.003363418,0.557288897,0.024536836,,,,,,,,,,,,,,,,,,,,,,,,,,,,,,,,,,,,,,,,,
DTLZ4,12,PSA,0.109738409,0.003652541,0.471920901,0.02182242,,,,,,,,,,,,,,,,,,,,,,,,,,,,,,,,,,,,,,,,,
DTLZ4,12,PSA,0.10580131,0.002478786,0.706075812,0.022150588,,,,,,,,,,,,,,,,,,,,,,,,,,,,,,,,,,,,,,,,,
DTLZ4,12,PSA,0.124124253,0.008262006,0.201149118,0.032936682,,,,,,,,,,,,,,,,,,,,,,,,,,,,,,,,,,,,,,,,,
DTLZ4,12,PSA,0.134308983,0.01123604,0.013747177,0.028187057,,,,,,,,,,,,,,,,,,,,,,,,,,,,,,,,,,,,,,,,,
DTLZ4,12,PSA,0.111529604,0.003399462,0.205956139,0.02218477,,,,,,,,,,,,,,,,,,,,,,,,,,,,,,,,,,,,,,,,,
DTLZ4,12,PSA,0.112925238,0.003657495,0.561294402,0.03109046,,,,,,,,,,,,,,,,,,,,,,,,,,,,,,,,,,,,,,,,,
DTLZ4,12,PSA,0.112617377,0.003380361,0.661547977,0.027144644,,,,,,,,,,,,,,,,,,,,,,,,,,,,,,,,,,,,,,,,,
DTLZ4,12,PSA,0.095302203,0.00261657,1.191483479,0.023202177,,,,,,,,,,,,,,,,,,,,,,,,,,,,,,,,,,,,,,,,,
DTLZ4,12,PSA,0.102478002,0.003821709,0.541379416,0.027021963,,,,,,,,,,,,,,,,,,,,,,,,,,,,,,,,,,,,,,,,,
DTLZ4,12,PSA,0.0982859,0.003342312,0.835741741,0.023303824,,,,,,,,,,,,,,,,,,,,,,,,,,,,,,,,,,,,,,,,,
DTLZ4,12,PSA,0.106297085,0.003903413,0.270268955,0.026613024,,,,,,,,,,,,,,,,,,,,,,,,,,,,,,,,,,,,,,,,,
DTLZ4,12,PSA,0.115350734,0.007957819,0.238219039,0.02767858,,,,,,,,,,,,,,,,,,,,,,,,,,,,,,,,,,,,,,,,,
DTLZ4,12,PSA,0.095843289,0.002735987,1.074943042,0.02276621,,,,,,,,,,,,,,,,,,,,,,,,,,,,,,,,,,,,,,,,,
DTLZ4,15,CD,0.095310536,0.005483303,0.081351102,0.082263427,,,,,,,,,,,,,,,,,,,,,,,,,,,,,,,,,,,,,,,,,
DTLZ4,15,CD,0.093889729,0.007874751,0.009486713,0.100267187,,,,,,,,,,,,,,,,,,,,,,,,,,,,,,,,,,,,,,,,,
DTLZ4,15,CD,0.097207991,0.008260392,0.011146747,0.110325089,,,,,,,,,,,,,,,,,,,,,,,,,,,,,,,,,,,,,,,,,
DTLZ4,15,CD,0.101609071,0.009706849,0,0.096040024,,,,,,,,,,,,,,,,,,,,,,,,,,,,,,,,,,,,,,,,,
DTLZ4,15,CD,0.095694395,0.009684613,0,0.12774892,,,,,,,,,,,,,,,,,,,,,,,,,,,,,,,,,,,,,,,,,
DTLZ4,15,CD,0.095229928,0.008245331,0,0.10540603,,,,,,,,,,,,,,,,,,,,,,,,,,,,,,,,,,,,,,,,,
DTLZ4,15,CD,0.097411757,0.008778145,0,0.099690182,,,,,,,,,,,,,,,,,,,,,,,,,,,,,,,,,,,,,,,,,
DTLZ4,15,CD,0.091107826,0.007511131,0,0.12034048,,,,,,,,,,,,,,,,,,,,,,,,,,,,,,,,,,,,,,,,,
DTLZ4,15,CD,0.095413659,0.006356712,0,0.108811181,,,,,,,,,,,,,,,,,,,,,,,,,,,,,,,,,,,,,,,,,
DTLZ4,15,CD,0.097454322,0.008734695,0.035313719,0.110343567,,,,,,,,,,,,,,,,,,,,,,,,,,,,,,,,,,,,,,,,,
DTLZ4,15,CD,0.097575019,0.008922969,0,0.106722634,,,,,,,,,,,,,,,,,,,,,,,,,,,,,,,,,,,,,,,,,
DTLZ4,15,CD,0.09375365,0.006329978,0,0.081259232,,,,,,,,,,,,,,,,,,,,,,,,,,,,,,,,,,,,,,,,,
DTLZ4,15,CD,0.093530978,0.005659958,0,0.116241194,,,,,,,,,,,,,,,,,,,,,,,,,,,,,,,,,,,,,,,,,
DTLZ4,15,CD,0.093694408,0.005860174,2.21E-01,0.121995272,,,,,,,,,,,,,,,,,,,,,,,,,,,,,,,,,,,,,,,,,
DTLZ4,15,CD,0.09438742,0.00834262,0.086148456,0.102575485,,,,,,,,,,,,,,,,,,,,,,,,,,,,,,,,,,,,,,,,,
DTLZ4,15,CD,0.095903421,0.010197645,0.028740711,0.099438618,,,,,,,,,,,,,,,,,,,,,,,,,,,,,,,,,,,,,,,,,
DTLZ4,15,CD,0.095274937,0.00675674,0.117647008,0.108586755,,,,,,,,,,,,,,,,,,,,,,,,,,,,,,,,,,,,,,,,,
DTLZ4,15,CD,0.09177269,0.006607816,0,0.109017919,,,,,,,,,,,,,,,,,,,,,,,,,,,,,,,,,,,,,,,,,
DTLZ4,15,CD,0.092605113,0.007378658,0.005960557,0.104268823,,,,,,,,,,,,,,,,,,,,,,,,,,,,,,,,,,,,,,,,,
DTLZ4,15,CD,0.094351188,0.009500569,0,0.116686858,,,,,,,,,,,,,,,,,,,,,,,,,,,,,,,,,,,,,,,,,
DTLZ4,15,PSA,0.1280501,0.003362031,0.19906333,0.029829562,,,,,,,,,,,,,,,,,,,,,,,,,,,,,,,,,,,,,,,,,
DTLZ4,15,PSA,0.108348188,0.002882294,0.364043887,0.023013902,,,,,,,,,,,,,,,,,,,,,,,,,,,,,,,,,,,,,,,,,
DTLZ4,15,PSA,0.146396796,0.010608624,0,0.031274489,,,,,,,,,,,,,,,,,,,,,,,,,,,,,,,,,,,,,,,,,
DTLZ4,15,PSA,0.118225499,0.008450461,0.087937101,0.034978567,,,,,,,,,,,,,,,,,,,,,,,,,,,,,,,,,,,,,,,,,
DTLZ4,15,PSA,0.139580636,0.003437162,0.331327932,0.034614091,,,,,,,,,,,,,,,,,,,,,,,,,,,,,,,,,,,,,,,,,
DTLZ4,15,PSA,0.154730674,0.009793201,0.09135108,0.040159702,,,,,,,,,,,,,,,,,,,,,,,,,,,,,,,,,,,,,,,,,
DTLZ4,15,PSA,0.092199022,0.002906594,0.884355877,0.022831021,,,,,,,,,,,,,,,,,,,,,,,,,,,,,,,,,,,,,,,,,
DTLZ4,15,PSA,0.116036732,0.002766864,0.685408663,0.022375303,,,,,,,,,,,,,,,,,,,,,,,,,,,,,,,,,,,,,,,,,
DTLZ4,15,PSA,0.126773655,0.005781726,0.095559219,0.027589206,,,,,,,,,,,,,,,,,,,,,,,,,,,,,,,,,,,,,,,,,
DTLZ4,15,PSA,0.154633611,0.011125256,0.007499375,0.04500256,,,,,,,,,,,,,,,,,,,,,,,,,,,,,,,,,,,,,,,,,
DTLZ4,15,PSA,0.103963045,0.003145803,0.378208229,0.033841144,,,,,,,,,,,,,,,,,,,,,,,,,,,,,,,,,,,,,,,,,
DTLZ4,15,PSA,0.119887465,0.00281855,0.410594188,0.018016486,,,,,,,,,,,,,,,,,,,,,,,,,,,,,,,,,,,,,,,,,
DTLZ4,15,PSA,0.138299823,0.004211913,0.150749098,0.035279089,,,,,,,,,,,,,,,,,,,,,,,,,,,,,,,,,,,,,,,,,
DTLZ4,15,PSA,0.109381765,0.003218078,0.518798762,0.025741993,,,,,,,,,,,,,,,,,,,,,,,,,,,,,,,,,,,,,,,,,
DTLZ4,15,PSA,0.097669892,0.004042204,0.819646676,0.027332233,,,,,,,,,,,,,,,,,,,,,,,,,,,,,,,,,,,,,,,,,
DTLZ4,15,PSA,0.111258612,0.003324529,0.30599865,0.028979002,,,,,,,,,,,,,,,,,,,,,,,,,,,,,,,,,,,,,,,,,
DTLZ4,15,PSA,0.09210787,0.005019604,0.840585361,0.026115045,,,,,,,,,,,,,,,,,,,,,,,,,,,,,,,,,,,,,,,,,
DTLZ4,15,PSA,0.095953219,0.002905743,0.678232468,0.020666232,,,,,,,,,,,,,,,,,,,,,,,,,,,,,,,,,,,,,,,,,
DTLZ4,15,PSA,0.142842684,0.004045016,0.012358084,0.035431439,,,,,,,,,,,,,,,,,,,,,,,,,,,,,,,,,,,,,,,,,
DTLZ4,15,PSA,0.130690808,0.003832021,0.054654717,0.022578146,,,,,,,,,,,,,,,,,,,,,,,,,,,,,,,,,,,,,,,,,
DTLZ4,16,CD,0.098970158,0.006697577,0.046309867,0.108116314,,,,,,,,,,,,,,,,,,,,,,,,,,,,,,,,,,,,,,,,,
DTLZ4,16,CD,0.094058316,0.007478734,0.046476331,0.120528764,,,,,,,,,,,,,,,,,,,,,,,,,,,,,,,,,,,,,,,,,
DTLZ4,16,CD,0.092555097,0.007593558,0.176148861,0.092717811,,,,,,,,,,,,,,,,,,,,,,,,,,,,,,,,,,,,,,,,,
DTLZ4,16,CD,0.093126511,0.006741703,0.052931648,0.109977439,,,,,,,,,,,,,,,,,,,,,,,,,,,,,,,,,,,,,,,,,
DTLZ4,16,CD,0.094288941,0.008901025,0,0.117649016,,,,,,,,,,,,,,,,,,,,,,,,,,,,,,,,,,,,,,,,,
DTLZ4,16,CD,0.097670764,0.009565195,0,0.111012745,,,,,,,,,,,,,,,,,,,,,,,,,,,,,,,,,,,,,,,,,
DTLZ4,16,CD,0.093779908,0.008142816,0.000771602,0.10949782,,,,,,,,,,,,,,,,,,,,,,,,,,,,,,,,,,,,,,,,,
DTLZ4,16,CD,0.096286037,0.008063792,0.005150421,0.109114535,,,,,,,,,,,,,,,,,,,,,,,,,,,,,,,,,,,,,,,,,
DTLZ4,16,CD,0.093707217,0.009428993,0.205908592,0.109351505,,,,,,,,,,,,,,,,,,,,,,,,,,,,,,,,,,,,,,,,,
DTLZ4,16,CD,0.097526124,0.009252766,0.027060976,0.103849964,,,,,,,,,,,,,,,,,,,,,,,,,,,,,,,,,,,,,,,,,
DTLZ4,16,CD,0.097497666,0.00771842,0,0.101687194,,,,,,,,,,,,,,,,,,,,,,,,,,,,,,,,,,,,,,,,,
DTLZ4,16,CD,0.094860612,0.007203483,0,0.111128997,,,,,,,,,,,,,,,,,,,,,,,,,,,,,,,,,,,,,,,,,
DTLZ4,16,CD,0.097247564,0.010109473,0,0.108296066,,,,,,,,,,,,,,,,,,,,,,,,,,,,,,,,,,,,,,,,,
DTLZ4,16,CD,0.099059401,0.00923548,0.188857541,0.117926941,,,,,,,,,,,,,,,,,,,,,,,,,,,,,,,,,,,,,,,,,
DTLZ4,16,CD,0.096732386,0.00853983,0.102758296,0.105743649,,,,,,,,,,,,,,,,,,,,,,,,,,,,,,,,,,,,,,,,,
DTLZ4,16,CD,0.099045967,0.009485131,0.181627935,0.123428603,,,,,,,,,,,,,,,,,,,,,,,,,,,,,,,,,,,,,,,,,
DTLZ4,16,CD,0.093617725,0.004904278,0,0.124105825,,,,,,,,,,,,,,,,,,,,,,,,,,,,,,,,,,,,,,,,,
DTLZ4,16,CD,0.098066291,0.008841747,0.026411679,0.115809258,,,,,,,,,,,,,,,,,,,,,,,,,,,,,,,,,,,,,,,,,
DTLZ4,16,CD,0.09713368,0.008236892,0,0.113058166,,,,,,,,,,,,,,,,,,,,,,,,,,,,,,,,,,,,,,,,,
DTLZ4,16,CD,0.094725134,0.007124426,0.017418881,0.09293339,,,,,,,,,,,,,,,,,,,,,,,,,,,,,,,,,,,,,,,,,
DTLZ4,16,PSA,0.153478743,0.015955942,0,0.042566198,,,,,,,,,,,,,,,,,,,,,,,,,,,,,,,,,,,,,,,,,
DTLZ4,16,PSA,0.147486955,0.005378296,0,0.037908114,,,,,,,,,,,,,,,,,,,,,,,,,,,,,,,,,,,,,,,,,
DTLZ4,16,PSA,0.143446338,0.011686412,0.039205228,0.037720612,,,,,,,,,,,,,,,,,,,,,,,,,,,,,,,,,,,,,,,,,
DTLZ4,16,PSA,0.143542938,0.004550136,0,0.040581562,,,,,,,,,,,,,,,,,,,,,,,,,,,,,,,,,,,,,,,,,
DTLZ4,16,PSA,0.111706158,0.002952136,0.66850372,0.024349772,,,,,,,,,,,,,,,,,,,,,,,,,,,,,,,,,,,,,,,,,
DTLZ4,16,PSA,0.092070819,0.002740255,1.163184963,0.024671759,,,,,,,,,,,,,,,,,,,,,,,,,,,,,,,,,,,,,,,,,
DTLZ4,16,PSA,0.150028506,0.015314394,0,0.041920734,,,,,,,,,,,,,,,,,,,,,,,,,,,,,,,,,,,,,,,,,
DTLZ4,16,PSA,0.129860118,0.010273661,0.144989431,0.03130936,,,,,,,,,,,,,,,,,,,,,,,,,,,,,,,,,,,,,,,,,
DTLZ4,16,PSA,0.151911078,0.011291508,0.047950151,0.040750011,,,,,,,,,,,,,,,,,,,,,,,,,,,,,,,,,,,,,,,,,
DTLZ4,16,PSA,0.139161259,0.007331186,0.131613816,0.041793057,,,,,,,,,,,,,,,,,,,,,,,,,,,,,,,,,,,,,,,,,
DTLZ4,16,PSA,0.152724115,0.009332441,0,0.042235033,,,,,,,,,,,,,,,,,,,,,,,,,,,,,,,,,,,,,,,,,
DTLZ4,16,PSA,0.134817855,0.003898457,0.003386887,0.03431639,,,,,,,,,,,,,,,,,,,,,,,,,,,,,,,,,,,,,,,,,
DTLZ4,16,PSA,0.144343263,0.006840757,0,0.026932188,,,,,,,,,,,,,,,,,,,,,,,,,,,,,,,,,,,,,,,,,
DTLZ4,16,PSA,0.150428606,0.011803601,0.309196477,0.039919803,,,,,,,,,,,,,,,,,,,,,,,,,,,,,,,,,,,,,,,,,
DTLZ4,16,PSA,0.146488113,0.010422762,0.408609584,0.035907149,,,,,,,,,,,,,,,,,,,,,,,,,,,,,,,,,,,,,,,,,
DTLZ4,16,PSA,0.146751099,0.003838073,0.377458106,0.035064636,,,,,,,,,,,,,,,,,,,,,,,,,,,,,,,,,,,,,,,,,
DTLZ4,16,PSA,0.151849882,0.011708192,0,0.04168083,,,,,,,,,,,,,,,,,,,,,,,,,,,,,,,,,,,,,,,,,
DTLZ4,16,PSA,0.144166035,0.010167562,0,0.038097962,,,,,,,,,,,,,,,,,,,,,,,,,,,,,,,,,,,,,,,,,
DTLZ4,16,PSA,0.152189937,0.012239185,0,0.044934059,,,,,,,,,,,,,,,,,,,,,,,,,,,,,,,,,,,,,,,,,
DTLZ4,16,PSA,0.147206241,0.011437718,0.00542983,0.040022225,,,,,,,,,,,,,,,,,,,,,,,,,,,,,,,,,,,,,,,,,
DTLZ4,20,CD,0.095438583,0.009405665,0,0.153883969,,,,,,,,,,,,,,,,,,,,,,,,,,,,,,,,,,,,,,,,,
DTLZ4,20,CD,0.097457944,0.00862886,0,0.140909979,,,,,,,,,,,,,,,,,,,,,,,,,,,,,,,,,,,,,,,,,
DTLZ4,20,CD,0.096415126,0.006723003,0.006274271,0.133303548,,,,,,,,,,,,,,,,,,,,,,,,,,,,,,,,,,,,,,,,,
DTLZ4,20,CD,0.098185079,0.012615943,0,0.149102909,,,,,,,,,,,,,,,,,,,,,,,,,,,,,,,,,,,,,,,,,
DTLZ4,20,CD,0.09798289,0.00739455,0.05795531,0.172724124,,,,,,,,,,,,,,,,,,,,,,,,,,,,,,,,,,,,,,,,,
DTLZ4,20,CD,0.095767567,0.011856306,0,0.146780999,,,,,,,,,,,,,,,,,,,,,,,,,,,,,,,,,,,,,,,,,
DTLZ4,20,CD,0.093681077,0.01270577,0,0.144897876,,,,,,,,,,,,,,,,,,,,,,,,,,,,,,,,,,,,,,,,,
DTLZ4,20,CD,0.094685981,0.006890813,0.00019245,0.131489156,,,,,,,,,,,,,,,,,,,,,,,,,,,,,,,,,,,,,,,,,
DTLZ4,20,CD,0.095102259,0.008778723,0,0.132396723,,,,,,,,,,,,,,,,,,,,,,,,,,,,,,,,,,,,,,,,,
DTLZ4,20,CD,0.098049463,0.0073953,0,0.133993033,,,,,,,,,,,,,,,,,,,,,,,,,,,,,,,,,,,,,,,,,
DTLZ4,20,CD,0.097858635,0.007531651,0.060751995,0.133895491,,,,,,,,,,,,,,,,,,,,,,,,,,,,,,,,,,,,,,,,,
DTLZ4,20,CD,0.093220004,0.006506112,0.031367322,0.167163719,,,,,,,,,,,,,,,,,,,,,,,,,,,,,,,,,,,,,,,,,
DTLZ4,20,CD,0.094767823,0.008363902,0,0.154213643,,,,,,,,,,,,,,,,,,,,,,,,,,,,,,,,,,,,,,,,,
DTLZ4,20,CD,0.09552702,0.007224969,0,0.162196246,,,,,,,,,,,,,,,,,,,,,,,,,,,,,,,,,,,,,,,,,
DTLZ4,20,CD,0.096405256,0.009039852,0,0.185924228,,,,,,,,,,,,,,,,,,,,,,,,,,,,,,,,,,,,,,,,,
DTLZ4,20,CD,0.094248443,0.009115227,0.430574354,0.164430726,,,,,,,,,,,,,,,,,,,,,,,,,,,,,,,,,,,,,,,,,
DTLZ4,20,CD,0.09562726,0.007789266,0.065093634,0.17286777,,,,,,,,,,,,,,,,,,,,,,,,,,,,,,,,,,,,,,,,,
DTLZ4,20,CD,0.0962508,0.01056593,0.23990215,0.158316066,,,,,,,,,,,,,,,,,,,,,,,,,,,,,,,,,,,,,,,,,
DTLZ4,20,CD,0.096671871,0.012619247,0.308422139,0.157949373,,,,,,,,,,,,,,,,,,,,,,,,,,,,,,,,,,,,,,,,,
DTLZ4,20,CD,0.094513063,0.010565149,0,0.134986855,,,,,,,,,,,,,,,,,,,,,,,,,,,,,,,,,,,,,,,,,
DTLZ4,20,PSA,0.146506251,0.004675881,0,0.05302452,,,,,,,,,,,,,,,,,,,,,,,,,,,,,,,,,,,,,,,,,
DTLZ4,20,PSA,0.108200765,0.004152329,0.030353672,0.031688565,,,,,,,,,,,,,,,,,,,,,,,,,,,,,,,,,,,,,,,,,
DTLZ4,20,PSA,0.138094252,0.005847129,0,0.053875222,,,,,,,,,,,,,,,,,,,,,,,,,,,,,,,,,,,,,,,,,
DTLZ4,20,PSA,0.1332445,0.012003651,0,0.046765771,,,,,,,,,,,,,,,,,,,,,,,,,,,,,,,,,,,,,,,,,
DTLZ4,20,PSA,0.157061595,0.016073263,0,0.056759536,,,,,,,,,,,,,,,,,,,,,,,,,,,,,,,,,,,,,,,,,
DTLZ4,20,PSA,0.142922556,0.013458717,0,0.047587547,,,,,,,,,,,,,,,,,,,,,,,,,,,,,,,,,,,,,,,,,
DTLZ4,20,PSA,0.150655947,0.007733222,0,0.056328023,,,,,,,,,,,,,,,,,,,,,,,,,,,,,,,,,,,,,,,,,
DTLZ4,20,PSA,0.115289935,0.003993021,0.321740786,0.042280086,,,,,,,,,,,,,,,,,,,,,,,,,,,,,,,,,,,,,,,,,
DTLZ4,20,PSA,0.151168057,0.012788419,0,0.060967403,,,,,,,,,,,,,,,,,,,,,,,,,,,,,,,,,,,,,,,,,
DTLZ4,20,PSA,0.113493082,0.004116634,1.250587417,0.02536783,,,,,,,,,,,,,,,,,,,,,,,,,,,,,,,,,,,,,,,,,
DTLZ4,20,PSA,0.153060469,0.016116744,0,0.05838855,,,,,,,,,,,,,,,,,,,,,,,,,,,,,,,,,,,,,,,,,
DTLZ4,20,PSA,0.149119572,0.014512699,0,0.058677848,,,,,,,,,,,,,,,,,,,,,,,,,,,,,,,,,,,,,,,,,
DTLZ4,20,PSA,0.127717667,0.003941863,0.125648399,0.042703948,,,,,,,,,,,,,,,,,,,,,,,,,,,,,,,,,,,,,,,,,
DTLZ4,20,PSA,0.111603033,0.003546357,0.641590057,0.033556605,,,,,,,,,,,,,,,,,,,,,,,,,,,,,,,,,,,,,,,,,
DTLZ4,20,PSA,0.137834593,0.013793923,0,0.04999536,,,,,,,,,,,,,,,,,,,,,,,,,,,,,,,,,,,,,,,,,
DTLZ4,20,PSA,0.127909126,0.006375282,0.1949505,0.041049119,,,,,,,,,,,,,,,,,,,,,,,,,,,,,,,,,,,,,,,,,
DTLZ4,20,PSA,0.154660146,0.019199886,0,0.068293195,,,,,,,,,,,,,,,,,,,,,,,,,,,,,,,,,,,,,,,,,
DTLZ4,20,PSA,0.15884042,0.01647918,0,0.065878932,,,,,,,,,,,,,,,,,,,,,,,,,,,,,,,,,,,,,,,,,
DTLZ4,20,PSA,0.156389437,0.015444906,0,0.053716682,,,,,,,,,,,,,,,,,,,,,,,,,,,,,,,,,,,,,,,,,
DTLZ4,20,PSA,0.146337045,0.007732854,0,0.053432861,,,,,,,,,,,,,,,,,,,,,,,,,,,,,,,,,,,,,,,,,
